demand,length
1000,192.16433807110297
2000,189.25936170868226
3000,322.05065381451277
4000,319.14567745206296
5000,319.14567745206296
6000,322.05065381451277
7000,319.14567745206296
