demand,length
150,1865.3473027943983
300,1873.220916656719
450,1799.9705798022042
600,1865.3473027943983
750,2388.310881588375
900,3128.391010466672
1050,2300.0217959901784
1200,2337.3929417403415
1350,2337.3929417403415
1500,2433.217604666599
1650,2337.3929417403415
1800,2366.375699130527
1950,2287.486243661464
2100,2337.3929417403415
2250,2346.7248617119913
2400,2421.8356962813123
2550,2416.282397209434
2700,2378.9789616167836
2850,2599.4874055521504
3000,2416.282397209434
3150,2905.130718210683
3300,3250.177166017529
3450,2416.282397209434
3600,2425.6143171810545
3750,2356.1555421722005
3900,2891.4026331560453
4050,2785.1040882042435
4200,2416.282397209434
4350,2813.242678642302
4500,2418.4290304596652
4650,2349.4286056056735
4800,2416.282397209434
4950,4157.64015223083
5100,3701.3057162828627
5250,2416.282397209434
5400,2416.282397209434
5550,2416.282397209434
5700,2416.282397209434
5850,2428.318061074766
6000,2491.413808551879
6150,2416.282397209434
6300,2416.282397209434
6450,2424.34123667315
6600,2425.6143171810545
6750,2435.3563238439383
6900,2416.282397209434
7050,2416.282397209434
7200,2416.282397209434
7350,2416.282397209434
7500,2416.282397209434
7650,2416.282397209434
7800,2418.4290304596652
7950,2416.282397209434
8100,2425.6143171810545
8250,2416.282397209434
8400,2425.6143171810545
8550,2424.34123667315
8700,2420.51811146448
8850,2425.6143171810545
9000,2416.282397209434
9150,2440.510557956266
9300,2416.282397209434
9450,2416.282397209434
9600,2428.318061074766
9750,3064.0978019124595
9900,2429.8500314360717
10050,2416.282397209434
10200,2416.282397209434
10350,2416.282397209434
