demand,length
1000,189.25936170868226
2000,189.25936170868226
3000,319.14567745206296
4000,322.05065381451277
5000,322.05065381451277
6000,322.3584507323394
7000,322.3584507323394
