lambda,length
1000,189.25936170868226
51000,189.25936170868226
101000,189.25936170868226
151000,189.25936170868226
201000,189.25936170868226
251000,189.25936170868226
301000,189.25936170868226
351000,189.25936170868226
401000,189.25936170868226
451000,189.25936170868226
501000,189.25936170868226
551000,189.25936170868226
601000,189.25936170868226
651000,189.25936170868226
701000,189.25936170868226
751000,189.25936170868226
801000,189.25936170868226
851000,189.25936170868226
901000,189.25936170868226
951000,189.25936170868226
